{
  "eqalert": {
    "category": "player",
	"subtitle": "地震速報",
    "sounds": [{
	  "name": "alert",
	  "stream": true
	}]
  },
  "plevel0": {
    "category": "player",
	"subtitle": "地震速報 (0級)",
    "sounds": [{
	  "name": "plevel0",
	  "stream": true
	}]
  },
  "plevel1": {
    "category": "player",
	"subtitle": "地震速報 (1級)",
    "sounds": [{
	  "name": "plevel1",
	  "stream": true
	}]
  },
  "plevel2": {
    "category": "player",
	"subtitle": "地震速報 (2級)",
    "sounds": [{
	  "name": "plevel2",
	  "stream": true
	}]
  },
  "plevel3": {
    "category": "player",
	"subtitle": "地震速報 (3級)",
    "sounds": [{
	  "name": "plevel3",
	  "stream": true
	}]
  },
  "plevel4": {
    "category": "player",
	"subtitle": "地震速報 (4級)",
    "sounds": [{
	  "name": "plevel4",
	  "stream": true
	}]
  },
  "plevel5": {
    "category": "player",
	"subtitle": "地震速報 (5-級)",
    "sounds": [{
	  "name": "plevel5",
	  "stream": true
	}]
  },
  "plevel6": {
    "category": "player",
	"subtitle": "地震速報 (5+級)",
    "sounds": [{
	  "name": "plevel6",
	  "stream": true
	}]
  },
  "plevel7": {
    "category": "player",
	"subtitle": "地震速報 (6-級)",
    "sounds": [{
	  "name": "plevel7",
	  "stream": true
	}]
  },
  "plevel8": {
    "category": "player",
	"subtitle": "地震速報 (6+級)",
    "sounds": [{
	  "name": "plevel8",
	  "stream": true
	}]
  },
  "plevel9": {
    "category": "player",
	"subtitle": "地震速報 (7級)",
    "sounds": [{
	  "name": "plevel9",
	  "stream": true
	}]
  },
  "tsu": {
    "category": "player",
	"subtitle": "海嘯警報",
    "sounds": [{
	  "name": "tsu",
	  "stream": true
	}]
  },
  "2x": {
    "category": "player",
    "sounds": [{
	  "name": "2x",
	  "stream": true
	}]
  },
  "3x": {
    "category": "player",
    "sounds": [{
	  "name": "3x",
	  "stream": true
	}]
  },
  "4x": {
    "category": "player",
    "sounds": [{
	  "name": "4x",
	  "stream": true
	}]
  },
  "5x": {
    "category": "player",
    "sounds": [{
	  "name": "5x",
	  "stream": true
	}]
  },
  "6x": {
    "category": "player",
    "sounds": [{
	  "name": "6x",
	  "stream": true
	}]
  },
  "7x": {
    "category": "player",
    "sounds": [{
	  "name": "7x",
	  "stream": true
	}]
  },
  "8x": {
    "category": "player",
    "sounds": [{
	  "name": "8x",
	  "stream": true
	}]
  },
  "9x": {
    "category": "player",
    "sounds": [{
	  "name": "9x",
	  "stream": true
	}]
  },
  "8s": {
    "category": "player",
    "sounds": [{
	  "name": "8s",
	  "stream": true
	}]
  },
  "9s": {
    "category": "player",
    "sounds": [{
	  "name": "9s",
	  "stream": true
	}]
  },
  "x0s": {
    "category": "player",
    "sounds": [{
	  "name": "x0s",
	  "stream": true
	}]
  },
  "x1s": {
    "category": "player",
    "sounds": [{
	  "name": "x1s",
	  "stream": true
	}]
  },
  "x2s": {
    "category": "player",
    "sounds": [{
	  "name": "x2s",
	  "stream": true
	}]
  },
  "x3s": {
    "category": "player",
    "sounds": [{
	  "name": "x3s",
	  "stream": true
	}]
  },
  "x4s": {
    "category": "player",
    "sounds": [{
	  "name": "x4s",
	  "stream": true
	}]
  },
  "x5s": {
    "category": "player",
    "sounds": [{
	  "name": "x5s",
	  "stream": true
	}]
  },
  "x6s": {
    "category": "player",
    "sounds": [{
	  "name": "x6s",
	  "stream": true
	}]
  },
  "x7s": {
    "category": "player",
    "sounds": [{
	  "name": "x7s",
	  "stream": true
	}]
  },
  "x8s": {
    "category": "player",
    "sounds": [{
	  "name": "x8s",
	  "stream": true
	}]
  },
  "x9s": {
    "category": "player",
    "sounds": [{
	  "name": "x9s",
	  "stream": true
	}]
  },
  "5": {
    "category": "player",
    "sounds": [{
	  "name": "5",
	  "stream": true
	}]
  },
  "4": {
    "category": "player",
    "sounds": [{
	  "name": "4",
	  "stream": true
	}]
  },
  "3": {
    "category": "player",
    "sounds": [{
	  "name": "3",
	  "stream": true
	}]
  },
  "2": {
    "category": "player",
    "sounds": [{
	  "name": "2",
	  "stream": true
	}]
  },
  "1": {
    "category": "player",
    "sounds": [{
	  "name": "1",
	  "stream": true
	}]
  },
  "arrive": {
    "category": "player",
    "sounds": [{
	  "name": "arrive",
	  "stream": true
	}]
  }
}